{
  "version": 1,
  "author": "Josephkerrypedia",
  "editor": "wokwi",
  "parts": [
    { "type": "wokwi-breadboard-mini", "id": "bb1", "top": 133, "left": -50.4, "attrs": {} },
    { "type": "wokwi-arduino-uno", "id": "uno", "top": 10.2, "left": 114.6, "attrs": {} },
    { "type": "wokwi-mpu6050", "id": "imu1", "top": 301.42, "left": 367.12, "attrs": {} },
    {
      "type": "wokwi-buzzer",
      "id": "bz1",
      "top": -103.2,
      "left": 443.4,
      "attrs": { "volume": "0.1" }
    },
    {
      "type": "board-ssd1306",
      "id": "oled1",
      "top": 3.14,
      "left": -57.37,
      "attrs": { "i2cAddress": "0x3c" }
    },
    {
      "type": "wokwi-led",
      "id": "led1",
      "top": -147.6,
      "left": 109.4,
      "attrs": { "color": "red" }
    }
  ],
  "connections": [
    [ "bz1:2", "uno:9", "green", [ "v9.6", "h-125.2" ] ],
    [ "bz1:1", "uno:GND.1", "green", [ "v0", "h-163.2" ] ],
    [ "oled1:SDA", "bb1:11t.a", "green", [ "v-19.2", "h9.67" ] ],
    [ "oled1:SCL", "bb1:14t.a", "green", [ "v-28.8", "h77.1" ] ],
    [ "imu1:SDA", "bb1:11t.e", "green", [ "v-19.2", "h-326.32" ] ],
    [ "uno:A5", "bb1:14t.c", "green", [ "v38.3", "h177.1", "v182.4", "h-480", "v-230.4" ] ],
    [ "imu1:SCL", "bb1:14t.e", "green", [ "v-28.8", "h86.48", "v124.8", "h-422.4" ] ],
    [ "uno:A4", "bb1:11t.c", "green", [ "v115.1", "h-341.4", "v-28.8" ] ],
    [ "oled1:VCC", "bb1:16t.a", "red", [ "v-48", "h105.75" ] ],
    [ "imu1:VCC", "bb1:16t.e", "red", [ "v-48", "h0.08" ] ],
    [ "uno:5V", "bb1:16t.c", "red", [ "v0" ] ],
    [ "uno:GND.3", "bb1:6t.d", "black", [ "v0" ] ],
    [ "imu1:GND", "bb1:6t.e", "black", [ "v-38.4", "h-422.32" ] ],
    [ "oled1:GND", "bb1:6t.a", "black", [ "v-28.8", "h-48", "v153.6" ] ],
    [ "led1:A", "uno:10", "green", [ "v67.2", "h134.4" ] ],
    [ "led1:C", "bb1:6t.b", "green", [ "v57.6", "h-210.8", "v201.6" ] ]
  ],
  "dependencies": {}
}